File	Season	Rundle	Match Day	MatchID	Opponent	Result	Score	Record	Rank
LL Profile_ MiltonM.htm	LL105 Results	Rundle C Central Div 2	Match Day 1	10614631	Dayhoff	W	6(4)-3(2)	1-0-0	3
LL Profile_ MiltonM.htm	LL105 Results	Rundle C Central Div 2	Match Day 2	10631663	CookM79	L	2(2)-5(4)	1-1-0	13
LL Profile_ MiltonM.htm	LL105 Results	Rundle C Central Div 2	Match Day 3	10648698	SmallD	L	0(0)-5(3)	1-2-0	16
LL Profile_ MiltonM.htm	LL105 Results	Rundle C Central Div 2	Match Day 4	10665730	QuigleyE	L	3(2)-5(4)	1-3-0	18
LL Profile_ MiltonM.htm	LL105 Results	Rundle C Central Div 2	Match Day 5	10682762	Fettweis	W	3(3)-1(2)	2-3-0	15
LL Profile_ MiltonM.htm	LL105 Results	Rundle C Central Div 2	Match Day 6	10699796	BarteltR	W	6(3)-4(3)	3-3-0	10
LL Profile_ MiltonM.htm	LL105 Results	Rundle C Central Div 2	Match Day 7	10716828	GambillR	L	4(4)-6(4)	3-4-0	13
LL Profile_ MiltonM.htm	LL105 Results	Rundle C Central Div 2	Match Day 8	10733861	HutchisonC	L	1(1)-2(1)	3-5-0	15
LL Profile_ MiltonM.htm	LL105 Results	Rundle C Central Div 2	Match Day 9	10750893	HamiltonG	L	2(2)-4(4)	3-6-0	16
LL Profile_ MiltonM.htm	LL105 Results	Rundle C Central Div 2	Match Day 10	10767931	ConnellR	L	1(2)-7(5)	3-7-0	18
LL Profile_ MiltonM.htm	LL105 Results	Rundle C Central Div 2	Match Day 11	10784963	SpaughT	W	7(5)-6(3)	4-7-0	15
LL Profile_ MiltonM.htm	LL105 Results	Rundle C Central Div 2	Match Day 12	10802000	WalkerKBookworm	W	4(4)-3(3)	5-7-0	15
LL Profile_ MiltonM.htm	LL105 Results	Rundle C Central Div 2	Match Day 13	10819031	AndersonK65	L	7(4)-8(5)	5-8-0	15
LL Profile_ MiltonM.htm	LL105 Results	Rundle C Central Div 2	Match Day 14	10836061	Ellington	T	1(2)-1(2)	5-8-1	15
LL Profile_ MiltonM.htm	LL105 Results	Rundle C Central Div 2	Match Day 15	10853096	DohertyCDog	W	6(4)-5(4)	6-8-1	13
LL Profile_ MiltonM.htm	LL105 Results	Rundle C Central Div 2	Match Day 16	10870127	HassanL	L	3(3)-8(5)	6-9-1	15
LL Profile_ MiltonM.htm	LL105 Results	Rundle C Central Div 2	Match Day 17	10887161	LindemulderA	L	2(2)-5(3)	6-10-1	15
LL Profile_ MiltonM.htm	LL105 Results	Rundle C Central Div 2	Match Day 18	10904191	StoneE5	T	3(3)-3(3)	6-10-2	15
LL Profile_ MiltonM.htm	LL105 Results	Rundle C Central Div 2	Match Day 19	10921228	CornelyL	W	4(3)-3(2)	7-10-2	14
LL Profile_ MiltonM.htm	LL105 Results	Rundle C Central Div 2	Match Day 20	10938258	Dayhoff	L	3(2)-5(4)	7-11-2	15
LL Profile_ MiltonM.htm	LL105 Results	Rundle C Central Div 2	Match Day 21	10955290	CookM79	W	3(2)-2(2)	8-11-2	14
LL Profile_ MiltonM.htm	LL105 Results	Rundle C Central Div 2	Match Day 22	10972325	SmallD	W	1(2)-0(1)	9-11-2	14
LL Profile_ MiltonM.htm	LL105 Results	Rundle C Central Div 2	Match Day 23	10989357	QuigleyE	L	2(3)-5(4)	9-12-2	14
LL Profile_ MiltonM.htm	LL105 Results	Rundle C Central Div 2	Match Day 24	11006389	Fettweis	W	8(4)-5(3)	10-12-2	14
LL Profile_ MiltonM.htm	LL105 Results	Rundle C Central Div 2	Match Day 25	11023423	BarteltR	T	9(5)-9(5)	10-12-3	15
LL Profile_ MiltonM.htm	LL104 Results	Rundle D Central Div 2	Match Day 1	10193187	NatarajanS	W	6(4)-0(F)	1-0-0	1
LL Profile_ MiltonM.htm	LL104 Results	Rundle D Central Div 2	Match Day 2	10210046	CalderR	W	6(3)-3(3)	2-0-0	1
LL Profile_ MiltonM.htm	LL104 Results	Rundle D Central Div 2	Match Day 3	10226905	KastnerN	W	5(3)-1(2)	3-0-0	1
LL Profile_ MiltonM.htm	LL104 Results	Rundle D Central Div 2	Match Day 4	10243764	AnagnosM	W	5(4)-3(3)	4-0-0	1
LL Profile_ MiltonM.htm	LL104 Results	Rundle D Central Div 2	Match Day 5	10260623	MurphyB23	W	4(3)-2(1)	5-0-0	1
LL Profile_ MiltonM.htm	LL104 Results	Rundle D Central Div 2	Match Day 6	10277481	CornelyL	W	4(3)-3(2)	6-0-0	1
LL Profile_ MiltonM.htm	LL104 Results	Rundle D Central Div 2	Match Day 7	10294338	DobsonD	W	3(3)-1(2)	7-0-0	1
LL Profile_ MiltonM.htm	LL104 Results	Rundle D Central Div 2	Match Day 8	10311195	EmerickB	W	4(3)-3(3)	8-0-0	1
LL Profile_ MiltonM.htm	LL104 Results	Rundle D Central Div 2	Match Day 9	10328052	SpaughT	W	4(3)-3(3)	9-0-0	1
LL Profile_ MiltonM.htm	LL104 Results	Rundle D Central Div 2	Match Day 10	10344909	BrazeauB	W	7(4)-4(2)	10-0-0	1
LL Profile_ MiltonM.htm	LL104 Results	Rundle D Central Div 2	Match Day 11	10361766	TestermanH	T	6(4)-6(4)	10-0-1	1
LL Profile_ MiltonM.htm	LL104 Results	Rundle D Central Div 2	Match Day 12	10378623	McQuarrieD	W	3(3)-2(1)	11-0-1	1
LL Profile_ MiltonM.htm	LL104 Results	Rundle D Central Div 2	Match Day 13	10395480	Mac SweeneyC	L	2(2)-3(3)	11-1-1	1
LL Profile_ MiltonM.htm	LL104 Results	Rundle D Central Div 2	Match Day 14	10412337	KaridesC	L	4(4)-6(4)	11-2-1	1
LL Profile_ MiltonM.htm	LL104 Results	Rundle D Central Div 2	Match Day 15	10429194	AglesG	W	6(3)-3(2)	12-2-1	1
LL Profile_ MiltonM.htm	LL104 Results	Rundle D Central Div 2	Match Day 16	10446051	RuthM	L	6(3)-7(5)	12-3-1	1
LL Profile_ MiltonM.htm	LL104 Results	Rundle D Central Div 2	Match Day 17	10462908	Eric	W	6(5)-4(4)	13-3-1	1
LL Profile_ MiltonM.htm	LL104 Results	Rundle D Central Div 2	Match Day 18	10479765	BurkholderA	L	2(1)-4(4)	13-4-1	1
LL Profile_ MiltonM.htm	LL104 Results	Rundle D Central Div 2	Match Day 19	10496624	LorenzoR2	W	6(4)-2(2)	14-4-1	1
LL Profile_ MiltonM.htm	LL104 Results	Rundle D Central Div 2	Match Day 20	10513483	ArcherK	L	2(2)-4(3)	14-5-1	1
LL Profile_ MiltonM.htm	LL104 Results	Rundle D Central Div 2	Match Day 21	10530342	AnilM	T	4(4)-4(4)	14-5-2	1
LL Profile_ MiltonM.htm	LL104 Results	Rundle D Central Div 2	Match Day 22	10547201	HammerE	L	1(1)-5(3)	14-6-2	2
LL Profile_ MiltonM.htm	LL104 Results	Rundle D Central Div 2	Match Day 23	10564060	KleinM1968	W	4(3)-2(2)	15-6-2	2
LL Profile_ MiltonM.htm	LL104 Results	Rundle D Central Div 2	Match Day 24	10580919	ChessinR	W	2(1)-0(F)	16-6-2	1
LL Profile_ MiltonM.htm	LL104 Results	Rundle D Central Div 2	Match Day 25	10597778	DavidA2	W	6(3)-2(1)	17-6-2	1
LL Profile_ MiltonM.htm	LL103 Results	Rundle D Central Div 1	Match Day 1	9782023	AndersonC11	T	1(2)-1(2)	0-0-1	14
LL Profile_ MiltonM.htm	LL103 Results	Rundle D Central Div 1	Match Day 2	9798468	MillerM_215	L	2(2)-5(3)	0-1-1	20
LL Profile_ MiltonM.htm	LL103 Results	Rundle D Central Div 1	Match Day 3	9814913	ScibiliaN	W	8(5)-4(2)	1-1-1	12
LL Profile_ MiltonM.htm	LL103 Results	Rundle D Central Div 1	Match Day 4	9831358	HammerE	T	4(3)-4(3)	1-1-2	11
LL Profile_ MiltonM.htm	LL103 Results	Rundle D Central Div 1	Match Day 5	9847803	SaulD	L	1(2)-2(2)	1-2-2	18
LL Profile_ MiltonM.htm	LL103 Results	Rundle D Central Div 1	Match Day 6	9864248	StaneckiD	L	3(3)-6(4)	1-3-2	24
LL Profile_ MiltonM.htm	LL103 Results	Rundle D Central Div 1	Match Day 7	9880693	BurkholderA	L	4(4)-5(4)	1-4-2	25
LL Profile_ MiltonM.htm	LL103 Results	Rundle D Central Div 1	Match Day 8	9897138	BellG	T	2(3)-2(2)	1-4-3	25
LL Profile_ MiltonM.htm	LL103 Results	Rundle D Central Div 1	Match Day 9	9913583	HortonA623	W	7(4)-0(0)	2-4-3	21
LL Profile_ MiltonM.htm	LL103 Results	Rundle D Central Div 1	Match Day 10	9930027	HinesD	L	2(3)-8(5)	2-5-3	22
LL Profile_ MiltonM.htm	LL103 Results	Rundle D Central Div 1	Match Day 11	9946470	LemkeN	W	5(4)-4(3)	3-5-3	20
LL Profile_ MiltonM.htm	LL103 Results	Rundle D Central Div 1	Match Day 12	9962913	BlackB	W	6(4)-2(2)	4-5-3	19
LL Profile_ MiltonM.htm	LL103 Results	Rundle D Central Div 1	Match Day 13	9979356	WilliamsS7	W	9(6)-3(2)	5-5-3	13
LL Profile_ MiltonM.htm	LL103 Results	Rundle D Central Div 1	Match Day 14	9995799	SmallD	L	1(2)-2(2)	5-6-3	16
LL Profile_ MiltonM.htm	LL103 Results	Rundle D Central Div 1	Match Day 15	10012242	BlackA2	W	4(3)-1(2)	6-6-3	13
LL Profile_ MiltonM.htm	LL103 Results	Rundle D Central Div 1	Match Day 16	10028685	EmerickB	W	8(5)-1(2)	7-6-3	10
LL Profile_ MiltonM.htm	LL103 Results	Rundle D Central Div 1	Match Day 17	10045128	RuthM	W	1(1)-0(1)	8-6-3	7
LL Profile_ MiltonM.htm	LL103 Results	Rundle D Central Div 1	Match Day 18	10061571	LaventureB	T	2(2)-2(2)	8-6-4	8
LL Profile_ MiltonM.htm	LL103 Results	Rundle D Central Div 1	Match Day 19	10078014	AquipelS	L	0(1)-1(2)	8-7-4	10
LL Profile_ MiltonM.htm	LL103 Results	Rundle D Central Div 1	Match Day 20	10094457	HermanP	L	1(2)-4(2)	8-8-4	12
LL Profile_ MiltonM.htm	LL103 Results	Rundle D Central Div 1	Match Day 21	10110900	RogersM2	W	4(2)-2(2)	9-8-4	11
LL Profile_ MiltonM.htm	LL103 Results	Rundle D Central Div 1	Match Day 22	10127343	MartelJ2	W	7(5)-2(3)	10-8-4	9
LL Profile_ MiltonM.htm	LL103 Results	Rundle D Central Div 1	Match Day 23	10143786	NeslerJ	W	5(3)-1(1)	11-8-4	8
LL Profile_ MiltonM.htm	LL103 Results	Rundle D Central Div 1	Match Day 24	10160231	KirikosJ	L	3(1)-6(3)	11-9-4	12
LL Profile_ MiltonM.htm	LL103 Results	Rundle D Central Div 1	Match Day 25	10176676	LandryL	W	5(4)-0(1)	12-9-4	10
LL Profile_ MiltonM.htm	LL102 Results	Rundle D Central Div 1	Match Day 1	9384225	HannaK2	W	7(5)-2(1)	1-0-0	1
LL Profile_ MiltonM.htm	LL102 Results	Rundle D Central Div 1	Match Day 2	9400361	FisherM4	L	2(1)-3(3)	1-1-0	10
LL Profile_ MiltonM.htm	LL102 Results	Rundle D Central Div 1	Match Day 3	9416497	BrooksBR	W	1(2)-0(0)	2-1-0	7
LL Profile_ MiltonM.htm	LL102 Results	Rundle D Central Div 1	Match Day 4	9432633	BarronStush	W	5(4)-3(3)	3-1-0	4
LL Profile_ MiltonM.htm	LL102 Results	Rundle D Central Div 1	Match Day 5	9448769	UdvariJ	T	3(3)-3(2)	3-1-1	6
LL Profile_ MiltonM.htm	LL102 Results	Rundle D Central Div 1	Match Day 6	9464905	SmallD	T	4(4)-4(3)	3-1-2	6
LL Profile_ MiltonM.htm	LL102 Results	Rundle D Central Div 1	Match Day 7	9481041	RuthM	L	1(1)-3(3)	3-2-2	8
LL Profile_ MiltonM.htm	LL102 Results	Rundle D Central Div 1	Match Day 8	9497177	NeslerJ	L	0(1)-2(2)	3-3-2	11
LL Profile_ MiltonM.htm	LL102 Results	Rundle D Central Div 1	Match Day 9	9513313	AgaseJ	W	9(6)-6(4)	4-3-2	9
LL Profile_ MiltonM.htm	LL102 Results	Rundle D Central Div 1	Match Day 10	9529451	LoveS	W	5(3)-3(3)	5-3-2	7
LL Profile_ MiltonM.htm	LL102 Results	Rundle D Central Div 1	Match Day 11	9545589	LaventureB	W	2(3)-1(2)	6-3-2	6
LL Profile_ MiltonM.htm	LL102 Results	Rundle D Central Div 1	Match Day 12	9561727	KirikosJ	L	4(4)-6(3)	6-4-2	9
LL Profile_ MiltonM.htm	LL102 Results	Rundle D Central Div 1	Match Day 13	9577865	HeinzM	L	5(3)-6(4)	6-5-2	10
LL Profile_ MiltonM.htm	LL102 Results	Rundle D Central Div 1	Match Day 14	9594003	Garbersam	W	6(4)-5(4)	7-5-2	9
LL Profile_ MiltonM.htm	LL102 Results	Rundle D Central Div 1	Match Day 15	9610141	BurkholderA	L	5(3)-6(5)	7-6-2	8
LL Profile_ MiltonM.htm	LL102 Results	Rundle D Central Div 1	Match Day 16	9626279	BellG	L	3(2)-6(3)	7-7-2	13
LL Profile_ MiltonM.htm	LL102 Results	Rundle D Central Div 1	Match Day 17	9642417	AquipelS	L	1(2)-3(2)	7-8-2	15
LL Profile_ MiltonM.htm	LL102 Results	Rundle D Central Div 1	Match Day 18	9658555	SwaykusM	W	6(4)-2(2)	8-8-2	13
LL Profile_ MiltonM.htm	LL102 Results	Rundle D Central Div 1	Match Day 19	9674693	SaulD	T	4(3)-4(3)	8-8-3	11
LL Profile_ MiltonM.htm	LL102 Results	Rundle D Central Div 1	Match Day 20	9690831	RogersM2	W	2(2)-1(2)	9-8-3	10
LL Profile_ MiltonM.htm	LL102 Results	Rundle D Central Div 1	Match Day 21	9706969	MorganD2	T	3(2)-3(3)	9-8-4	12
LL Profile_ MiltonM.htm	LL102 Results	Rundle D Central Div 1	Match Day 22	9723106	McQueenP	W	2(1)-0(0)	10-8-4	10
LL Profile_ MiltonM.htm	LL102 Results	Rundle D Central Div 1	Match Day 23	9739242	LemkeN	W	6(3)-3(2)	11-8-4	10
LL Profile_ MiltonM.htm	LL102 Results	Rundle D Central Div 1	Match Day 24	9755378	LandryL	W	2(3)-0(0)	12-8-4	9
LL Profile_ MiltonM.htm	LL102 Results	Rundle D Central Div 1	Match Day 25	9771514	HinesD	W	6(4)-5(3)	13-8-4	7
LL Profile_ MiltonM.htm	LL101 Results	Rundle D Central Div 1	Match Day 1	8980866	UdvariJ	L	3(3)-4(3)	0-1-0	19
LL Profile_ MiltonM.htm	LL101 Results	Rundle D Central Div 1	Match Day 2	8996771	WilliamsS7	W	7(5)-4(3)	1-1-0	9
LL Profile_ MiltonM.htm	LL101 Results	Rundle D Central Div 1	Match Day 3	9012676	LaventureB	T	2(3)-2(3)	1-1-1	9
LL Profile_ MiltonM.htm	LL101 Results	Rundle D Central Div 1	Match Day 4	9028581	KirikosJ	L	3(3)-6(4)	1-2-1	14
LL Profile_ MiltonM.htm	LL101 Results	Rundle D Central Div 1	Match Day 5	9044486	BellG	L	2(3)-6(5)	1-3-1	15
LL Profile_ MiltonM.htm	LL101 Results	Rundle D Central Div 1	Match Day 6	9060391	SaulD	W	1(2)-0(1)	2-3-1	14
LL Profile_ MiltonM.htm	LL101 Results	Rundle D Central Div 1	Match Day 7	9076296	MartelJ2	L	3(2)-4(2)	2-4-1	17
LL Profile_ MiltonM.htm	LL101 Results	Rundle D Central Div 1	Match Day 8	9092201	SmallD	T	5(4)-5(4)	2-4-2	16
LL Profile_ MiltonM.htm	LL101 Results	Rundle D Central Div 1	Match Day 9	9108108	AquipelS	L	1(2)-2(3)	2-5-2	16
LL Profile_ MiltonM.htm	LL101 Results	Rundle D Central Div 1	Match Day 10	9124015	LindemulderA	T	3(3)-3(3)	2-5-3	17
LL Profile_ MiltonM.htm	LL101 Results	Rundle D Central Div 1	Match Day 11	9139922	BurkholderA	L	0(1)-5(4)	2-6-3	20
LL Profile_ MiltonM.htm	LL101 Results	Rundle D Central Div 1	Match Day 12	9155829	BlackB	W	5(3)-3(3)	3-6-3	16
LL Profile_ MiltonM.htm	LL101 Results	Rundle D Central Div 1	Match Day 13	9171736	MurrayM4	W	6(3)-1(2)	4-6-3	13
LL Profile_ MiltonM.htm	LL101 Results	Rundle D Central Div 1	Match Day 14	9187643	LandryL	T	1(2)-1(1)	4-6-4	14
LL Profile_ MiltonM.htm	LL101 Results	Rundle D Central Div 1	Match Day 15	9203550	Jonesa97	W	5(4)-1(2)	5-6-4	11
LL Profile_ MiltonM.htm	LL101 Results	Rundle D Central Div 1	Match Day 16	9219457	SullivanD	W	1(2)-0(1)	6-6-4	11
LL Profile_ MiltonM.htm	LL101 Results	Rundle D Central Div 1	Match Day 17	9235364	NeslerJ	L	2(3)-5(4)	6-7-4	12
LL Profile_ MiltonM.htm	LL101 Results	Rundle D Central Div 1	Match Day 18	9251271	HortonA623	W	6(5)-2(2)	7-7-4	11
LL Profile_ MiltonM.htm	LL101 Results	Rundle D Central Div 1	Match Day 19	9267178	LappeD	L	1(2)-6(3)	7-8-4	13
LL Profile_ MiltonM.htm	LL101 Results	Rundle D Central Div 1	Match Day 20	9283084	RuthM	L	0(0)-3(2)	7-9-4	14
LL Profile_ MiltonM.htm	LL101 Results	Rundle D Central Div 1	Match Day 21	9298989	MillerM_215	L	3(3)-6(3)	7-10-4	15
LL Profile_ MiltonM.htm	LL101 Results	Rundle D Central Div 1	Match Day 22	9314894	StoneE5	W	2(3)-1(2)	8-10-4	13
LL Profile_ MiltonM.htm	LL101 Results	Rundle D Central Div 1	Match Day 23	9330799	SwaykusM	L	0(0)-1(2)	8-11-4	16
LL Profile_ MiltonM.htm	LL101 Results	Rundle D Central Div 1	Match Day 24	9346704	UdvariJ	W	7(4)-1(1)	9-11-4	13
LL Profile_ MiltonM.htm	LL101 Results	Rundle D Central Div 1	Match Day 25	9362609	WilliamsS7	T	2(3)-2(2)	9-11-5	15
LL Profile_ MiltonM.htm	LL100 Results	Rundle D Central Div 1	Match Day 1	8190021	BrooksBR	W	7(4)-4(3)	1-0-0	5
LL Profile_ MiltonM.htm	LL100 Results	Rundle D Central Div 1	Match Day 2	8205749	LoevyJ	W	4(2)-2(2)	2-0-0	2
LL Profile_ MiltonM.htm	LL100 Results	Rundle D Central Div 1	Match Day 3	8221477	SmallD	W	3(2)-1(2)	3-0-0	2
LL Profile_ MiltonM.htm	LL100 Results	Rundle D Central Div 1	Match Day 4	8237205	McQueenP	W	4(4)-1(2)	4-0-0	1
LL Profile_ MiltonM.htm	LL100 Results	Rundle D Central Div 1	Match Day 5	8252933	McCueD	W	2(1)-1(2)	5-0-0	1
LL Profile_ MiltonM.htm	LL100 Results	Rundle D Central Div 1	Match Day 6	8268661	LandryL	W	7(5)-0(1)	6-0-0	1
LL Profile_ MiltonM.htm	LL100 Results	Rundle D Central Div 1	Match Day 7	8284389	BellG	W	4(4)-1(2)	7-0-0	1
LL Profile_ MiltonM.htm	LL100 Results	Rundle D Central Div 1	Match Day 8	8300116	SullivanD	L	0(1)-4(4)	7-1-0	1
LL Profile_ MiltonM.htm	LL100 Results	Rundle D Central Div 1	Match Day 9	8315842	MorganD2	L	1(2)-6(4)	7-2-0	4
LL Profile_ MiltonM.htm	LL100 Results	Rundle D Central Div 1	Match Day 10	8331568	LaventureB	W	4(3)-1(2)	8-2-0	2
LL Profile_ MiltonM.htm	LL100 Results	Rundle D Central Div 1	Match Day 11	8347294	BarronStush	L	1(2)-2(2)	8-3-0	3
LL Profile_ MiltonM.htm	LL100 Results	Rundle D Central Div 1	Match Day 12	8363020	AquipelS	W	8(4)-3(3)	9-3-0	3
LL Profile_ MiltonM.htm	LL100 Results	Rundle D Central Div 1	Match Day 13	8378746	Dubanowitz A	L	3(3)-5(3)	9-4-0	3
LL Profile_ MiltonM.htm	LL100 Results	Rundle D Central Div 1	Match Day 14	8394472	AtheyB	W	8(4)-1(1)	10-4-0	3
LL Profile_ MiltonM.htm	LL100 Results	Rundle D Central Div 1	Match Day 15	8410198	LoonamB	T	1(2)-1(2)	10-4-1	4
LL Profile_ MiltonM.htm	LL100 Results	Rundle D Central Div 1	Match Day 16	8425924	HeinzM	L	1(2)-2(1)	10-5-1	4
LL Profile_ MiltonM.htm	LL100 Results	Rundle D Central Div 1	Match Day 17	8441650	LanceyA	W	5(3)-0(F)	11-5-1	3
LL Profile_ MiltonM.htm	LL100 Results	Rundle D Central Div 1	Match Day 18	8457376	MillerM_215	L	2(2)-3(3)	11-6-1	3
LL Profile_ MiltonM.htm	LL100 Results	Rundle D Central Div 1	Match Day 19	8473102	UdvariJ	L	3(3)-5(4)	11-7-1	5
LL Profile_ MiltonM.htm	LL100 Results	Rundle D Central Div 1	Match Day 20	8488828	BurkholderA	T	3(3)-3(2)	11-7-2	7
LL Profile_ MiltonM.htm	LL100 Results	Rundle D Central Div 1	Match Day 21	8504556	GiordanoJ22	L	1(1)-3(2)	11-8-2	8
LL Profile_ MiltonM.htm	LL100 Results	Rundle D Central Div 1	Match Day 22	8520284	BaltruzakJ	W	6(5)-1(2)	12-8-2	6
LL Profile_ MiltonM.htm	LL100 Results	Rundle D Central Div 1	Match Day 23	8536012	MurrayM4	W	4(4)-2(2)	13-8-2	5
LL Profile_ MiltonM.htm	LL100 Results	Rundle D Central Div 1	Match Day 24	8551740	MattEric1219	W	2(1)-1(1)	14-8-2	6
LL Profile_ MiltonM.htm	LL100 Results	Rundle D Central Div 1	Match Day 25	8567468	RogersM2	L	2(2)-4(3)	14-9-2	7
LL Profile_ MiltonM.htm	LL99 Results	Rundle D Central Div 2	Match Day 1	7811230	BellG	L	6(4)-9(6)	0-1-0	21
LL Profile_ MiltonM.htm	LL99 Results	Rundle D Central Div 2	Match Day 2	7826381	MorganD2	T	3(2)-3(3)	0-1-1	20
LL Profile_ MiltonM.htm	LL99 Results	Rundle D Central Div 2	Match Day 3	7841534	AglesG	L	1(2)-5(4)	0-2-1	24
LL Profile_ MiltonM.htm	LL99 Results	Rundle D Central Div 2	Match Day 4	7856687	WilliamsS7	W	4(2)-2(2)	1-2-1	17
LL Profile_ MiltonM.htm	LL99 Results	Rundle D Central Div 2	Match Day 5	7871840	MurrayM4	W	5(2)-4(2)	2-2-1	11
LL Profile_ MiltonM.htm	LL99 Results	Rundle D Central Div 2	Match Day 6	7886993	LaventureB	W	3(2)-0(0)	3-2-1	8
LL Profile_ MiltonM.htm	LL99 Results	Rundle D Central Div 2	Match Day 7	7902146	Jonesa97	W	7(4)-2(2)	4-2-1	4
LL Profile_ MiltonM.htm	LL99 Results	Rundle D Central Div 2	Match Day 8	7917299	BurkholderA	W	4(3)-1(2)	5-2-1	3
LL Profile_ MiltonM.htm	LL99 Results	Rundle D Central Div 2	Match Day 9	7932452	LindemulderA	L	0(1)-5(3)	5-3-1	8
LL Profile_ MiltonM.htm	LL99 Results	Rundle D Central Div 2	Match Day 10	7947605	RuthM	L	0(1)-4(3)	5-4-1	9
LL Profile_ MiltonM.htm	LL99 Results	Rundle D Central Div 2	Match Day 11	7962758	DoromalJ	W	4(3)-0(1)	6-4-1	6
LL Profile_ MiltonM.htm	LL99 Results	Rundle D Central Div 2	Match Day 12	7977911	BowardJ13	W	3(2)-0(F)	7-4-1	4
LL Profile_ MiltonM.htm	LL99 Results	Rundle D Central Div 2	Match Day 13	7993064	HortonA623	W	5(3)-2(3)	8-4-1	3
LL Profile_ MiltonM.htm	LL99 Results	Rundle D Central Div 2	Match Day 14	8008217	LemkeN	W	2(2)-1(1)	9-4-1	2
LL Profile_ MiltonM.htm	LL99 Results	Rundle D Central Div 2	Match Day 15	8023369	GarrettCZ	W	5(3)-0(F)	10-4-1	1
LL Profile_ MiltonM.htm	LL99 Results	Rundle D Central Div 2	Match Day 16	8038520	SmallD	T	2(2)-2(3)	10-4-2	1
LL Profile_ MiltonM.htm	LL99 Results	Rundle D Central Div 2	Match Day 17	8053671	SchenkelbergE	L	0(1)-4(4)	10-5-2	2
LL Profile_ MiltonM.htm	LL99 Results	Rundle D Central Div 2	Match Day 18	8068822	BrownD2	L	2(3)-3(3)	10-6-2	4
LL Profile_ MiltonM.htm	LL99 Results	Rundle D Central Div 2	Match Day 19	8083973	MillerM_215	T	0(1)-0(1)	10-6-3	7
LL Profile_ MiltonM.htm	LL99 Results	Rundle D Central Div 2	Match Day 20	8099124	SullivanD	W	3(2)-1(2)	11-6-3	4
LL Profile_ MiltonM.htm	LL99 Results	Rundle D Central Div 2	Match Day 21	8114275	KastnerN	W	3(3)-1(1)	12-6-3	1
LL Profile_ MiltonM.htm	LL99 Results	Rundle D Central Div 2	Match Day 22	8129426	BaerB	W	7(3)-2(2)	13-6-3	1
LL Profile_ MiltonM.htm	LL99 Results	Rundle D Central Div 2	Match Day 23	8144577	RogersM2	L	3(2)-4(3)	13-7-3	4
LL Profile_ MiltonM.htm	LL99 Results	Rundle D Central Div 2	Match Day 24	8159728	Eric	W	5(4)-2(1)	14-7-3	2
LL Profile_ MiltonM.htm	LL99 Results	Rundle D Central Div 2	Match Day 25	8174879	HinesD	L	0(1)-8(5)	14-8-3	4
LL Profile_ MiltonM.htm	LL98 Results	Rundle D Central Div 2	Match Day 1	7442254	KastnerN	L	4(3)-6(4)	0-1-0	17
LL Profile_ MiltonM.htm	LL98 Results	Rundle D Central Div 2	Match Day 2	7457009	Jonesa97	T	5(3)-5(3)	0-1-1	19
LL Profile_ MiltonM.htm	LL98 Results	Rundle D Central Div 2	Match Day 3	7471764	HermanP	L	3(2)-6(4)	0-2-1	22
LL Profile_ MiltonM.htm	LL98 Results	Rundle D Central Div 2	Match Day 4	7486519	Eric	L	3(2)-4(2)	0-3-1	25
LL Profile_ MiltonM.htm	LL98 Results	Rundle D Central Div 2	Match Day 5	7501274	BurkholderA	L	6(4)-7(5)	0-4-1	25
LL Profile_ MiltonM.htm	LL98 Results	Rundle D Central Div 2	Match Day 6	7516029	WilliamsS7	W	5(3)-1(1)	1-4-1	22
LL Profile_ MiltonM.htm	LL98 Results	Rundle D Central Div 2	Match Day 7	7530784	WagnerA2	L	3(2)-8(4)	1-5-1	22
LL Profile_ MiltonM.htm	LL98 Results	Rundle D Central Div 2	Match Day 8	7545539	SwaykusM	W	2(3)-0(1)	2-5-1	20
LL Profile_ MiltonM.htm	LL98 Results	Rundle D Central Div 2	Match Day 9	7560294	SmithT04	L	3(3)-4(4)	2-6-1	21
LL Profile_ MiltonM.htm	LL98 Results	Rundle D Central Div 2	Match Day 10	7575049	SchenkelbergE	W	5(4)-3(3)	3-6-1	18
LL Profile_ MiltonM.htm	LL98 Results	Rundle D Central Div 2	Match Day 11	7589804	BlackB	L	2(2)-3(3)	3-7-1	19
LL Profile_ MiltonM.htm	LL98 Results	Rundle D Central Div 2	Match Day 12	7604561	MezoffA	W	5(4)-3(3)	4-7-1	19
LL Profile_ MiltonM.htm	LL98 Results	Rundle D Central Div 2	Match Day 13	7619318	LindemulderA	W	4(3)-2(2)	5-7-1	15
LL Profile_ MiltonM.htm	LL98 Results	Rundle D Central Div 2	Match Day 14	7634075	JonesC18	W	5(4)-1(1)	6-7-1	12
LL Profile_ MiltonM.htm	LL98 Results	Rundle D Central Div 2	Match Day 15	7648832	HillAbbaDabbaDoo62	T	2(2)-2(2)	6-7-2	13
LL Profile_ MiltonM.htm	LL98 Results	Rundle D Central Div 2	Match Day 16	7663589	HamiltonG	T	4(3)-4(3)	6-7-3	12
LL Profile_ MiltonM.htm	LL98 Results	Rundle D Central Div 2	Match Day 17	7678346	DaughertyK	L	1(2)-3(1)	6-8-3	15
LL Profile_ MiltonM.htm	LL98 Results	Rundle D Central Div 2	Match Day 18	7693103	BowardJ13	T	8(5)-8(5)	6-8-4	15
LL Profile_ MiltonM.htm	LL98 Results	Rundle D Central Div 2	Match Day 19	7707860	WatsonJD	W	3(2)-0(0)	7-8-4	15
LL Profile_ MiltonM.htm	LL98 Results	Rundle D Central Div 2	Match Day 20	7722617	TestermanH	L	7(5)-8(5)	7-9-4	16
LL Profile_ MiltonM.htm	LL98 Results	Rundle D Central Div 2	Match Day 21	7737374	StoneE5	L	2(3)-5(4)	7-10-4	17
LL Profile_ MiltonM.htm	LL98 Results	Rundle D Central Div 2	Match Day 22	7752131	SchmidtS2	W	3(3)-2(1)	8-10-4	15
LL Profile_ MiltonM.htm	LL98 Results	Rundle D Central Div 2	Match Day 23	7766888	ReitenauerM	T	4(4)-4(4)	8-10-5	16
LL Profile_ MiltonM.htm	LL98 Results	Rundle D Central Div 2	Match Day 24	7781644	MillerM_215	L	2(2)-3(3)	8-11-5	18
LL Profile_ MiltonM.htm	LL98 Results	Rundle D Central Div 2	Match Day 25	7796399	McQuarrieD	L	4(2)-5(3)	8-12-5	19
LL Profile_ MiltonM.htm	LL97 Results	Rundle D Central Div 2	Match Day 1	7081912	StoneE5	L	4(3)-6(3)	0-1-0	18
LL Profile_ MiltonM.htm	LL97 Results	Rundle D Central Div 2	Match Day 2	7096326	BrownD2	L	6(3)-8(4)	0-2-0	23
LL Profile_ MiltonM.htm	LL97 Results	Rundle D Central Div 2	Match Day 3	7110740	TsujiG	T	2(2)-2(3)	0-2-1	23
LL Profile_ MiltonM.htm	LL97 Results	Rundle D Central Div 2	Match Day 4	7125154	WoodJustice	T	2(3)-2(2)	0-2-2	21
LL Profile_ MiltonM.htm	LL97 Results	Rundle D Central Div 2	Match Day 5	7139568	AglesG	W	6(3)-1(1)	1-2-2	14
LL Profile_ MiltonM.htm	LL97 Results	Rundle D Central Div 2	Match Day 6	7153982	RuddickS	W	6(4)-3(3)	2-2-2	10
LL Profile_ MiltonM.htm	LL97 Results	Rundle D Central Div 2	Match Day 7	7168396	SmallD	L	6(4)-7(4)	2-3-2	14
LL Profile_ MiltonM.htm	LL97 Results	Rundle D Central Div 2	Match Day 8	7182810	SwaykusM	W	6(4)-1(1)	3-3-2	12
LL Profile_ MiltonM.htm	LL97 Results	Rundle D Central Div 2	Match Day 9	7197224	DobsonD	W	4(4)-2(3)	4-3-2	10
LL Profile_ MiltonM.htm	LL97 Results	Rundle D Central Div 2	Match Day 10	7211638	SchenkelbergE	L	4(4)-6(4)	4-4-2	12
LL Profile_ MiltonM.htm	LL97 Results	Rundle D Central Div 2	Match Day 11	7226054	MillerM_215	W	4(3)-1(1)	5-4-2	10
LL Profile_ MiltonM.htm	LL97 Results	Rundle D Central Div 2	Match Day 12	7240470	McCauleyS	L	0(1)-4(3)	5-5-2	12
LL Profile_ MiltonM.htm	LL97 Results	Rundle D Central Div 2	Match Day 13	7254886	KastnerN	T	1(2)-1(2)	5-5-3	13
LL Profile_ MiltonM.htm	LL97 Results	Rundle D Central Div 2	Match Day 14	7269302	BlackB	L	4(3)-6(4)	5-6-3	15
LL Profile_ MiltonM.htm	LL97 Results	Rundle D Central Div 2	Match Day 15	7283718	BaerA	T	4(3)-4(3)	5-6-4	12
LL Profile_ MiltonM.htm	LL97 Results	Rundle D Central Div 2	Match Day 16	7298134	WagnerA2	W	4(4)-2(3)	6-6-4	9
LL Profile_ MiltonM.htm	LL97 Results	Rundle D Central Div 2	Match Day 17	7312550	ThambehalliR	T	2(3)-2(2)	6-6-5	9
LL Profile_ MiltonM.htm	LL97 Results	Rundle D Central Div 2	Match Day 18	7326966	Eric	T	2(2)-2(1)	6-6-6	9
LL Profile_ MiltonM.htm	LL97 Results	Rundle D Central Div 2	Match Day 19	7341382	HermanP	W	4(3)-3(2)	7-6-6	8
LL Profile_ MiltonM.htm	LL97 Results	Rundle D Central Div 2	Match Day 20	7355798	BurkholderA	L	4(4)-5(4)	7-7-6	10
LL Profile_ MiltonM.htm	LL97 Results	Rundle D Central Div 2	Match Day 21	7370214	NatarajanS	L	4(2)-5(4)	7-8-6	13
LL Profile_ MiltonM.htm	LL97 Results	Rundle D Central Div 2	Match Day 22	7384630	SmithJ20	W	6(4)-3(3)	8-8-6	10
LL Profile_ MiltonM.htm	LL97 Results	Rundle D Central Div 2	Match Day 23	7399046	Jonesa97	W	5(3)-0(F)	9-8-6	8
LL Profile_ MiltonM.htm	LL97 Results	Rundle D Central Div 2	Match Day 24	7413461	Fettweis	L	2(3)-4(4)	9-9-6	8
LL Profile_ MiltonM.htm	LL97 Results	Rundle D Central Div 2	Match Day 25	7427875	LandryL	T	1(2)-1(1)	9-9-7	9
LL Profile_ MiltonM.htm	LL96 Results	Rundle D Central Div 2	Match Day 1	6727266	HillAbbaDabbaDoo62	T	2(2)-2(3)	0-0-1	15
LL Profile_ MiltonM.htm	LL96 Results	Rundle D Central Div 2	Match Day 2	6741455	GarrettCZ	W	4(2)-0(1)	1-0-1	6
LL Profile_ MiltonM.htm	LL96 Results	Rundle D Central Div 2	Match Day 3	6755644	Eric	W	2(3)-1(2)	2-0-1	3
LL Profile_ MiltonM.htm	LL96 Results	Rundle D Central Div 2	Match Day 4	6769833	BrownD2	L	0(1)-1(1)	2-1-1	7
LL Profile_ MiltonM.htm	LL96 Results	Rundle D Central Div 2	Match Day 5	6784022	BowardJ13	T	7(5)-7(5)	2-1-2	8
LL Profile_ MiltonM.htm	LL96 Results	Rundle D Central Div 2	Match Day 6	6798211	WilliamsE5	W	7(5)-5(3)	3-1-2	7
LL Profile_ MiltonM.htm	LL96 Results	Rundle D Central Div 2	Match Day 7	6812400	TestermanH	L	3(3)-5(4)	3-2-2	10
LL Profile_ MiltonM.htm	LL96 Results	Rundle D Central Div 2	Match Day 8	6826589	StoneT	L	4(4)-5(3)	3-3-2	16
LL Profile_ MiltonM.htm	LL96 Results	Rundle D Central Div 2	Match Day 9	6840778	SmithT04	W	4(3)-3(1)	4-3-2	13
LL Profile_ MiltonM.htm	LL96 Results	Rundle D Central Div 2	Match Day 10	6854967	RuddickS	W	5(3)-1(1)	5-3-2	6
LL Profile_ MiltonM.htm	LL96 Results	Rundle D Central Div 2	Match Day 11	6869156	AglesG	W	6(4)-3(2)	6-3-2	4
LL Profile_ MiltonM.htm	LL96 Results	Rundle D Central Div 2	Match Day 12	6883347	LeonardJ2	W	2(2)-0(0)	7-3-2	5
LL Profile_ MiltonM.htm	LL96 Results	Rundle D Central Div 2	Match Day 13	6897538	LahtiA	W	4(3)-3(3)	8-3-2	5
LL Profile_ MiltonM.htm	LL96 Results	Rundle D Central Div 2	Match Day 14	6911729	JugeD	W	8(4)-5(3)	9-3-2	3
LL Profile_ MiltonM.htm	LL96 Results	Rundle D Central Div 2	Match Day 15	6925920	HutchisonC	L	3(2)-5(3)	9-4-2	4
LL Profile_ MiltonM.htm	LL96 Results	Rundle D Central Div 2	Match Day 16	6940111	HermanP	W	4(2)-1(2)	10-4-2	4
LL Profile_ MiltonM.htm	LL96 Results	Rundle D Central Div 2	Match Day 17	6954302	Fettweis	L	0(0)-5(3)	10-5-2	7
LL Profile_ MiltonM.htm	LL96 Results	Rundle D Central Div 2	Match Day 18	6968493	BurkholderA	W	5(2)-0(0)	11-5-2	7
LL Profile_ MiltonM.htm	LL96 Results	Rundle D Central Div 2	Match Day 19	6982684	BrindleR	L	2(3)-4(4)	11-6-2	8
LL Profile_ MiltonM.htm	LL96 Results	Rundle D Central Div 2	Match Day 20	6996875	BaerA	W	3(3)-1(2)	12-6-2	6
LL Profile_ MiltonM.htm	LL96 Results	Rundle D Central Div 2	Match Day 21	7011066	ThomasonLE	L	6(4)-7(5)	12-7-2	8
LL Profile_ MiltonM.htm	LL96 Results	Rundle D Central Div 2	Match Day 22	7025257	SwaykusM	T	5(3)-5(3)	12-7-3	8
LL Profile_ MiltonM.htm	LL96 Results	Rundle D Central Div 2	Match Day 23	7039448	StoneE5	W	2(1)-1(1)	13-7-3	7
LL Profile_ MiltonM.htm	LL96 Results	Rundle D Central Div 2	Match Day 24	7053639	SchenkelbergE	L	2(3)-6(3)	13-8-3	8
LL Profile_ MiltonM.htm	LL96 Results	Rundle D Central Div 2	Match Day 25	7067830	ReitenauerM	T	0(0)-0(1)	13-8-4	7
LL Profile_ MiltonM.htm	LL95 Results	Rundle D Central Div 2	Match Day 1	6389518	HortonA623	L	3(3)-4(3)	0-1-0	18
LL Profile_ MiltonM.htm	LL95 Results	Rundle D Central Div 2	Match Day 2	6403199	SwaykusM	W	5(3)-1(2)	1-1-0	9
LL Profile_ MiltonM.htm	LL95 Results	Rundle D Central Div 2	Match Day 3	6416880	Jonesa97	L	2(2)-5(3)	1-2-0	17
LL Profile_ MiltonM.htm	LL95 Results	Rundle D Central Div 2	Match Day 4	6430561	StoneE5	W	4(3)-0(1)	2-2-0	11
LL Profile_ MiltonM.htm	LL95 Results	Rundle D Central Div 2	Match Day 5	6444242	BurkholderA	W	4(3)-1(2)	3-2-0	9
LL Profile_ MiltonM.htm	LL95 Results	Rundle D Central Div 2	Match Day 6	6457923	ConsidineT	L	2(2)-5(3)	3-3-0	16
LL Profile_ MiltonM.htm	LL95 Results	Rundle D Central Div 2	Match Day 7	6471604	WatsonJD	L	1(2)-3(2)	3-4-0	17
LL Profile_ MiltonM.htm	LL95 Results	Rundle D Central Div 2	Match Day 8	6485285	LahtiA	W	4(3)-3(2)	4-4-0	13
LL Profile_ MiltonM.htm	LL95 Results	Rundle D Central Div 2	Match Day 9	6498968	JugeD	W	7(4)-5(4)	5-4-0	7
LL Profile_ MiltonM.htm	LL95 Results	Rundle D Central Div 2	Match Day 10	6512651	ScullionJF	W	5(3)-0(F)	6-4-0	7
LL Profile_ MiltonM.htm	LL95 Results	Rundle D Central Div 2	Match Day 11	6526334	SmithT04	L	1(2)-2(2)	6-5-0	8
LL Profile_ MiltonM.htm	LL95 Results	Rundle D Central Div 2	Match Day 12	6540017	ReitenauerM	W	9(6)-3(3)	7-5-0	6
LL Profile_ MiltonM.htm	LL95 Results	Rundle D Central Div 2	Match Day 13	6553700	LindemulderA	L	2(2)-7(4)	7-6-0	8
LL Profile_ MiltonM.htm	LL95 Results	Rundle D Central Div 2	Match Day 14	6567383	EichnerS	L	4(2)-7(4)	7-7-0	15
LL Profile_ MiltonM.htm	LL95 Results	Rundle D Central Div 2	Match Day 15	6581066	BarteltR	L	4(3)-6(4)	7-8-0	15
LL Profile_ MiltonM.htm	LL95 Results	Rundle D Central Div 2	Match Day 16	6594749	HamiltonG	W	2(3)-0(1)	8-8-0	11
LL Profile_ MiltonM.htm	LL95 Results	Rundle D Central Div 2	Match Day 17	6608432	BrownD2	W	3(3)-1(2)	9-8-0	9
LL Profile_ MiltonM.htm	LL95 Results	Rundle D Central Div 2	Match Day 18	6622115	NeslerJ	T	2(3)-2(3)	9-8-1	9
LL Profile_ MiltonM.htm	LL95 Results	Rundle D Central Div 2	Match Day 19	6635798	LandryL	W	3(3)-1(1)	10-8-1	8
LL Profile_ MiltonM.htm	LL95 Results	Rundle D Central Div 2	Match Day 20	6649481	DaughertyK	L	3(3)-5(3)	10-9-1	9
LL Profile_ MiltonM.htm	LL95 Results	Rundle D Central Div 2	Match Day 21	6663164	ChessinR	L	4(3)-7(5)	10-10-1	10
LL Profile_ MiltonM.htm	LL95 Results	Rundle D Central Div 2	Match Day 22	6676846	HermanP	W	6(4)-0(F)	11-10-1	8
LL Profile_ MiltonM.htm	LL95 Results	Rundle D Central Div 2	Match Day 23	6690527	TestermanH	W	5(3)-0(F)	12-10-1	7
LL Profile_ MiltonM.htm	LL95 Results	Rundle D Central Div 2	Match Day 24	6704208	BaerA	W	4(2)-3(3)	13-10-1	6
LL Profile_ MiltonM.htm	LL95 Results	Rundle D Central Div 2	Match Day 25	6717889	Fettweis	L	5(3)-6(4)	13-11-1	7
LL Profile_ MiltonM.htm	LL94 Results	Rundle D Central Div 1	Match Day 1	6052409	NatarajanS	W	6(4)-1(1)	1-0-0	4
LL Profile_ MiltonM.htm	LL94 Results	Rundle D Central Div 1	Match Day 2	6065884	BrandauB	L	5(4)-7(5)	1-1-0	12
LL Profile_ MiltonM.htm	LL94 Results	Rundle D Central Div 1	Match Day 3	6079359	MorganD2	T	4(3)-4(4)	1-1-1	13
LL Profile_ MiltonM.htm	LL94 Results	Rundle D Central Div 1	Match Day 4	6092834	DobsonD	L	1(2)-3(3)	1-2-1	17
LL Profile_ MiltonM.htm	LL94 Results	Rundle D Central Div 1	Match Day 5	6106309	MezoffA	T	4(4)-4(3)	1-2-2	16
LL Profile_ MiltonM.htm	LL94 Results	Rundle D Central Div 1	Match Day 6	6119784	HillAbbaDabbaDoo62	W	3(3)-2(2)	2-2-2	15
LL Profile_ MiltonM.htm	LL94 Results	Rundle D Central Div 1	Match Day 7	6133259	SmithJ20	L	3(2)-5(4)	2-3-2	18
LL Profile_ MiltonM.htm	LL94 Results	Rundle D Central Div 1	Match Day 8	6146734	EichnerS	L	3(3)-4(3)	2-4-2	20
LL Profile_ MiltonM.htm	LL94 Results	Rundle D Central Div 1	Match Day 9	6160209	StaneckiD	W	1(2)-0(0)	3-4-2	17
LL Profile_ MiltonM.htm	LL94 Results	Rundle D Central Div 1	Match Day 10	6173686	SmallJ	W	5(3)-4(3)	4-4-2	14
LL Profile_ MiltonM.htm	LL94 Results	Rundle D Central Div 1	Match Day 11	6187163	CarlottiR	W	2(3)-1(2)	5-4-2	11
LL Profile_ MiltonM.htm	LL94 Results	Rundle D Central Div 1	Match Day 12	6200640	BrazeauB	T	4(4)-4(3)	5-4-3	9
LL Profile_ MiltonM.htm	LL94 Results	Rundle D Central Div 1	Match Day 13	6214117	SwaykusM	W	2(3)-0(0)	6-4-3	9
LL Profile_ MiltonM.htm	LL94 Results	Rundle D Central Div 1	Match Day 14	6227594	NelsenK	L	0(1)-2(2)	6-5-3	12
LL Profile_ MiltonM.htm	LL94 Results	Rundle D Central Div 1	Match Day 15	6241071	CalderR	W	2(1)-1(2)	7-5-3	11
LL Profile_ MiltonM.htm	LL94 Results	Rundle D Central Div 1	Match Day 16	6254548	TestermanH	L	4(3)-6(4)	7-6-3	11
LL Profile_ MiltonM.htm	LL94 Results	Rundle D Central Div 1	Match Day 17	6268025	EckesC	L	3(2)-5(3)	7-7-3	17
LL Profile_ MiltonM.htm	LL94 Results	Rundle D Central Div 1	Match Day 18	6281502	ThambehalliR	W	6(4)-2(3)	8-7-3	12
LL Profile_ MiltonM.htm	LL94 Results	Rundle D Central Div 1	Match Day 19	6294979	GereckeR	T	4(3)-4(4)	8-7-4	11
LL Profile_ MiltonM.htm	LL94 Results	Rundle D Central Div 1	Match Day 20	6308456	BaerA	L	2(1)-4(3)	8-8-4	16
LL Profile_ MiltonM.htm	LL94 Results	Rundle D Central Div 1	Match Day 21	6321933	CzapkaD	T	5(4)-5(4)	8-8-5	15
LL Profile_ MiltonM.htm	LL94 Results	Rundle D Central Div 1	Match Day 22	6335410	HinesD	L	4(3)-5(4)	8-9-5	18
LL Profile_ MiltonM.htm	LL94 Results	Rundle D Central Div 1	Match Day 23	6348887	ConsidineT	T	6(4)-6(4)	8-9-6	16
LL Profile_ MiltonM.htm	LL94 Results	Rundle D Central Div 1	Match Day 24	6362363	GottfriedR	T	3(2)-3(2)	8-9-7	17
LL Profile_ MiltonM.htm	LL94 Results	Rundle D Central Div 1	Match Day 25	6375838	SaulD	W	3(3)-2(2)	9-9-7	15
LL Profile_ MiltonM.htm	LL93 Results	Rundle E Central Div 1	Match Day 1	5728420	McFeelyM	W	6(4)-4(2)	1-0-0	8
LL Profile_ MiltonM.htm	LL93 Results	Rundle E Central Div 1	Match Day 2	5741514	RichardsJA	L	2(3)-4(3)	1-1-0	16
LL Profile_ MiltonM.htm	LL93 Results	Rundle E Central Div 1	Match Day 3	5754608	NeslerJ	T	4(3)-4(2)	1-1-1	18
LL Profile_ MiltonM.htm	LL93 Results	Rundle E Central Div 1	Match Day 4	5767702	Murray L	W	6(4)-5(4)	2-1-1	10
LL Profile_ MiltonM.htm	LL93 Results	Rundle E Central Div 1	Match Day 5	5780796	TestermanD	W	6(5)-2(3)	3-1-1	6
LL Profile_ MiltonM.htm	LL93 Results	Rundle E Central Div 1	Match Day 6	5793891	AnagnosM	W	8(5)-2(2)	4-1-1	3
LL Profile_ MiltonM.htm	LL93 Results	Rundle E Central Div 1	Match Day 7	5806983	SchmidtS2	L	2(2)-4(3)	4-2-1	7
LL Profile_ MiltonM.htm	LL93 Results	Rundle E Central Div 1	Match Day 8	5820076	BeltK42	W	2(2)-0(0)	5-2-1	4
LL Profile_ MiltonM.htm	LL93 Results	Rundle E Central Div 1	Match Day 9	5833170	MezoffA	W	5(3)-1(1)	6-2-1	1
LL Profile_ MiltonM.htm	LL93 Results	Rundle E Central Div 1	Match Day 10	5846261	BrowneB3	L	3(2)-5(3)	6-3-1	6
LL Profile_ MiltonM.htm	LL93 Results	Rundle E Central Div 1	Match Day 11	5859353	GriffinB	L	2(3)-3(3)	6-4-1	10
LL Profile_ MiltonM.htm	LL93 Results	Rundle E Central Div 1	Match Day 12	5872445	BrooksBR	W	3(3)-1(1)	7-4-1	8
LL Profile_ MiltonM.htm	LL93 Results	Rundle E Central Div 1	Match Day 13	5885537	GorderC	L	1(1)-6(4)	7-5-1	12
LL Profile_ MiltonM.htm	LL93 Results	Rundle E Central Div 1	Match Day 14	5898627	FrostM2	W	9(6)-3(3)	8-5-1	11
LL Profile_ MiltonM.htm	LL93 Results	Rundle E Central Div 1	Match Day 15	5911719	Lima-BybellD	W	4(3)-3(3)	9-5-1	9
LL Profile_ MiltonM.htm	LL93 Results	Rundle E Central Div 1	Match Day 16	5924815	SmithT04	L	4(3)-5(4)	9-6-1	9
LL Profile_ MiltonM.htm	LL93 Results	Rundle E Central Div 1	Match Day 17	5937907	BarrettCK	W	2(1)-0(F)	10-6-1	8
LL Profile_ MiltonM.htm	LL93 Results	Rundle E Central Div 1	Match Day 18	5950997	McCauleyJJ	W	6(3)-2(1)	11-6-1	6
LL Profile_ MiltonM.htm	LL93 Results	Rundle E Central Div 1	Match Day 19	5964089	UdvariJ	W	5(3)-3(3)	12-6-1	6
LL Profile_ MiltonM.htm	LL93 Results	Rundle E Central Div 1	Match Day 20	5977181	DraperC	L	0(0)-2(1)	12-7-1	6
LL Profile_ MiltonM.htm	LL93 Results	Rundle E Central Div 1	Match Day 21	5990273	ReitenauerM	W	1(2)-0(1)	13-7-1	5
LL Profile_ MiltonM.htm	LL93 Results	Rundle E Central Div 1	Match Day 22	6003365	FoleyB2	L	2(1)-4(2)	13-8-1	7
LL Profile_ MiltonM.htm	LL93 Results	Rundle E Central Div 1	Match Day 23	6016457	SchenkelbergE	W	4(3)-3(3)	14-8-1	6
LL Profile_ MiltonM.htm	LL93 Results	Rundle E Central Div 1	Match Day 24	6029549	Andersonc420	W	7(5)-0(1)	15-8-1	5
LL Profile_ MiltonM.htm	LL93 Results	Rundle E Central Div 1	Match Day 25	6042641	LemkeN	T	3(3)-3(2)	15-8-2	4
LL Profile_ MiltonM.htm	LL92 Results	Rundle E Central Div 1	Match Day 1	5404342	GreinetzK	L	0(0)-5(2)	0-1-0	35
LL Profile_ MiltonM.htm	LL92 Results	Rundle E Central Div 1	Match Day 2	5417294	FaurholtE2	W	4(3)-1(1)	1-1-0	23
LL Profile_ MiltonM.htm	LL92 Results	Rundle E Central Div 1	Match Day 3	5430246	TestermanD	L	2(3)-3(3)	1-2-0	27
LL Profile_ MiltonM.htm	LL92 Results	Rundle E Central Div 1	Match Day 4	5443198	NeslerJ	L	1(2)-3(2)	1-3-0	31
LL Profile_ MiltonM.htm	LL92 Results	Rundle E Central Div 1	Match Day 5	5456132	BeinishB	L	0(0)-1(2)	1-4-0	32
LL Profile_ MiltonM.htm	LL92 Results	Rundle E Central Div 1	Match Day 6	5469084	BoehmA	T	3(3)-3(3)	1-4-1	30
LL Profile_ MiltonM.htm	LL92 Results	Rundle E Central Div 1	Match Day 7	5482036	EnglA	W	4(4)-1(2)	2-4-1	26
LL Profile_ MiltonM.htm	LL92 Results	Rundle E Central Div 1	Match Day 8	5494988	LorenzoR2	T	1(2)-1(1)	2-4-2	27
LL Profile_ MiltonM.htm	LL92 Results	Rundle E Central Div 1	Match Day 9	5507940	UdvariJ	W	3(3)-1(2)	3-4-2	20
LL Profile_ MiltonM.htm	LL92 Results	Rundle E Central Div 1	Match Day 10	5520892	WessA	W	5(3)-0(F)	4-4-2	18
LL Profile_ MiltonM.htm	LL92 Results	Rundle E Central Div 1	Match Day 11	5533844	JonesC18	T	1(2)-1(2)	4-4-3	17
LL Profile_ MiltonM.htm	LL92 Results	Rundle E Central Div 1	Match Day 12	5546796	KaridesS	W	7(5)-3(2)	5-4-3	15
LL Profile_ MiltonM.htm	LL92 Results	Rundle E Central Div 1	Match Day 13	5559748	Jonesa97	T	3(1)-3(1)	5-4-4	14
LL Profile_ MiltonM.htm	LL92 Results	Rundle E Central Div 1	Match Day 14	5572700	DaughertyK	W	5(4)-4(3)	6-4-4	11
LL Profile_ MiltonM.htm	LL92 Results	Rundle E Central Div 1	Match Day 15	5585652	SullivanD	L	1(1)-4(3)	6-5-4	14
LL Profile_ MiltonM.htm	LL92 Results	Rundle E Central Div 1	Match Day 16	5598604	DraperC	T	1(2)-1(2)	6-5-5	15
LL Profile_ MiltonM.htm	LL92 Results	Rundle E Central Div 1	Match Day 17	5611556	LeonardJ2	T	3(3)-3(2)	6-5-6	15
LL Profile_ MiltonM.htm	LL92 Results	Rundle E Central Div 1	Match Day 18	5624508	BlackA2	W	4(4)-3(2)	7-5-6	13
LL Profile_ MiltonM.htm	LL92 Results	Rundle E Central Div 1	Match Day 19	5637460	GereckeR	W	4(4)-3(3)	8-5-6	11
LL Profile_ MiltonM.htm	LL92 Results	Rundle E Central Div 1	Match Day 20	5650412	SwaykusM	T	3(3)-3(1)	8-5-7	11
LL Profile_ MiltonM.htm	LL92 Results	Rundle E Central Div 1	Match Day 21	5663364	BellG	T	2(2)-2(2)	8-5-8	12
LL Profile_ MiltonM.htm	LL92 Results	Rundle E Central Div 1	Match Day 22	5676316	ZiegeweidL	W	4(2)-0(0)	9-5-8	9
LL Profile_ MiltonM.htm	LL92 Results	Rundle E Central Div 1	Match Day 23	5689259	RogersM2	L	1(2)-3(3)	9-6-8	11
LL Profile_ MiltonM.htm	LL92 Results	Rundle E Central Div 1	Match Day 24	5702211	BlackB	W	2(3)-1(2)	10-6-8	9
LL Profile_ MiltonM.htm	LL92 Results	Rundle E Central Div 1	Match Day 25	5715163	McCauleyJJ	L	2(3)-7(5)	10-7-8	9
LL Profile_ MiltonM.htm	LL91 Results	Rundle E Central Div 1	Match Day 1	5090573	ReadlingM	W	6(5)-5(3)	1-0-0	13
LL Profile_ MiltonM.htm	LL91 Results	Rundle E Central Div 1	Match Day 2	5103113	SaulD	L	3(2)-6(4)	1-1-0	22
LL Profile_ MiltonM.htm	LL91 Results	Rundle E Central Div 1	Match Day 3	5115653	KatzerK	T	4(3)-4(3)	1-1-1	21
LL Profile_ MiltonM.htm	LL91 Results	Rundle E Central Div 1	Match Day 4	5128193	AliMinna	W	5(3)-3(1)	2-1-1	13
LL Profile_ MiltonM.htm	LL91 Results	Rundle E Central Div 1	Match Day 5	5140733	McCarthyTG	W	3(2)-0(F)	3-1-1	8
LL Profile_ MiltonM.htm	LL91 Results	Rundle E Central Div 1	Match Day 6	5153273	UdvariJ	L	1(2)-5(4)	3-2-1	13
LL Profile_ MiltonM.htm	LL91 Results	Rundle E Central Div 1	Match Day 7	5165813	WessA	L	0(1)-2(1)	3-3-1	17
LL Profile_ MiltonM.htm	LL91 Results	Rundle E Central Div 1	Match Day 8	5178353	McDermottME	W	3(2)-0(1)	4-3-1	14
LL Profile_ MiltonM.htm	LL91 Results	Rundle E Central Div 1	Match Day 9	5190893	BlackA2	T	3(3)-3(2)	4-3-2	14
LL Profile_ MiltonM.htm	LL91 Results	Rundle E Central Div 1	Match Day 10	5203433	Harwell-DyeS	W	5(3)-4(3)	5-3-2	12
LL Profile_ MiltonM.htm	LL91 Results	Rundle E Central Div 1	Match Day 11	5215973	GibbonsM	W	4(3)-2(1)	6-3-2	10
LL Profile_ MiltonM.htm	LL91 Results	Rundle E Central Div 1	Match Day 12	5228513	JonesC18	L	3(3)-4(3)	6-4-2	14
LL Profile_ MiltonM.htm	LL91 Results	Rundle E Central Div 1	Match Day 13	5241053	SwaykusM	W	2(2)-1(2)	7-4-2	12
LL Profile_ MiltonM.htm	LL91 Results	Rundle E Central Div 1	Match Day 14	5253593	AsamK	W	5(3)-2(1)	8-4-2	9
LL Profile_ MiltonM.htm	LL91 Results	Rundle E Central Div 1	Match Day 15	5266133	BrooksBR	L	3(3)-4(2)	8-5-2	12
LL Profile_ MiltonM.htm	LL91 Results	Rundle E Central Div 1	Match Day 16	5278673	FaurholtE2	L	0(1)-5(2)	8-6-2	16
LL Profile_ MiltonM.htm	LL91 Results	Rundle E Central Div 1	Match Day 17	5291207	DaughertyK	T	3(3)-3(1)	8-6-3	15
LL Profile_ MiltonM.htm	LL91 Results	Rundle E Central Div 1	Match Day 18	5303745	LemkeN	L	0(1)-3(3)	8-7-3	17
LL Profile_ MiltonM.htm	LL91 Results	Rundle E Central Div 1	Match Day 19	5316286	JugeD	L	3(2)-4(4)	8-8-3	18
LL Profile_ MiltonM.htm	LL91 Results	Rundle E Central Div 1	Match Day 20	5328827	LeonardJ2	W	2(2)-0(0)	9-8-3	15
LL Profile_ MiltonM.htm	LL91 Results	Rundle E Central Div 1	Match Day 21	5341368	GorderC	T	1(2)-1(1)	9-8-4	15
LL Profile_ MiltonM.htm	LL91 Results	Rundle E Central Div 1	Match Day 22	5353909	ZiegeweidL	W	6(4)-3(3)	10-8-4	13
LL Profile_ MiltonM.htm	LL91 Results	Rundle E Central Div 1	Match Day 23	5366441	LindemulderA	W	6(3)-2(3)	11-8-4	13
LL Profile_ MiltonM.htm	LL91 Results	Rundle E Central Div 1	Match Day 24	5378982	PiperB	T	5(4)-5(3)	11-8-5	13
LL Profile_ MiltonM.htm	LL91 Results	Rundle E Central Div 1	Match Day 25	5391523	LorenzoR2	L	2(3)-6(5)	11-9-5	13
LL Profile_ MiltonM.htm	LL90 Results	Rundle D Central Div 1	Match Day 1	4782870	DalagerB	T	5(3)-5(4)	0-0-1	13
LL Profile_ MiltonM.htm	LL90 Results	Rundle D Central Div 1	Match Day 2	4795050	BybellP	L	2(1)-5(4)	0-1-1	23
LL Profile_ MiltonM.htm	LL90 Results	Rundle D Central Div 1	Match Day 3	4807222	DoromalJ	W	4(3)-3(2)	1-1-1	20
LL Profile_ MiltonM.htm	LL90 Results	Rundle D Central Div 1	Match Day 4	4819402	BaltruzakJ	L	3(2)-7(5)	1-2-1	23
LL Profile_ MiltonM.htm	LL90 Results	Rundle D Central Div 1	Match Day 5	4831582	AgaseJ	T	2(1)-2(2)	1-2-2	25
LL Profile_ MiltonM.htm	LL90 Results	Rundle D Central Div 1	Match Day 6	4843762	LindemulderA	W	3(2)-0(1)	2-2-2	18
LL Profile_ MiltonM.htm	LL90 Results	Rundle D Central Div 1	Match Day 7	4855942	LemkeB	L	0(1)-3(2)	2-3-2	22
LL Profile_ MiltonM.htm	LL90 Results	Rundle D Central Div 1	Match Day 8	4868122	BrandauB	W	2(2)-0(1)	3-3-2	19
LL Profile_ MiltonM.htm	LL90 Results	Rundle D Central Div 1	Match Day 9	4880303	EckesC	T	1(2)-1(2)	3-3-3	20
LL Profile_ MiltonM.htm	LL90 Results	Rundle D Central Div 1	Match Day 10	4892481	HermanP	L	1(1)-3(2)	3-4-3	23
LL Profile_ MiltonM.htm	LL90 Results	Rundle D Central Div 1	Match Day 11	4904659	BaerB	W	5(3)-2(1)	4-4-3	16
LL Profile_ MiltonM.htm	LL90 Results	Rundle D Central Div 1	Match Day 12	4916837	SaulD	W	8(4)-3(3)	5-4-3	11
LL Profile_ MiltonM.htm	LL90 Results	Rundle D Central Div 1	Match Day 13	4929015	SullivanN	L	1(2)-8(5)	5-5-3	19
LL Profile_ MiltonM.htm	LL90 Results	Rundle D Central Div 1	Match Day 14	4941193	SmallD	L	2(2)-4(4)	5-6-3	19
LL Profile_ MiltonM.htm	LL90 Results	Rundle D Central Div 1	Match Day 15	4953371	BaerA	L	1(2)-6(4)	5-7-3	24
LL Profile_ MiltonM.htm	LL90 Results	Rundle D Central Div 1	Match Day 16	4965549	MorganD2	L	2(2)-4(3)	5-8-3	25
LL Profile_ MiltonM.htm	LL90 Results	Rundle D Central Div 1	Match Day 17	4977727	SwaykusM	L	3(2)-4(3)	5-9-3	27
LL Profile_ MiltonM.htm	LL90 Results	Rundle D Central Div 1	Match Day 18	4989905	HinesD	L	7(5)-9(6)	5-10-3	28
LL Profile_ MiltonM.htm	LL90 Results	Rundle D Central Div 1	Match Day 19	5002083	BarteltR	L	5(3)-6(4)	5-11-3	29
LL Profile_ MiltonM.htm	LL90 Results	Rundle D Central Div 1	Match Day 20	5014261	McCarthyG	L	1(2)-3(3)	5-12-3	30
LL Profile_ MiltonM.htm	LL90 Results	Rundle D Central Div 1	Match Day 21	5026439	SmallJ	L	3(3)-4(3)	5-13-3	30
LL Profile_ MiltonM.htm	LL90 Results	Rundle D Central Div 1	Match Day 22	5038617	BoehmA	W	4(3)-3(2)	6-13-3	30
LL Profile_ MiltonM.htm	LL90 Results	Rundle D Central Div 1	Match Day 23	5050795	NelsenK	W	5(4)-3(2)	7-13-3	29
LL Profile_ MiltonM.htm	LL90 Results	Rundle D Central Div 1	Match Day 24	5062973	KopnickB	L	1(1)-4(4)	7-14-3	30
LL Profile_ MiltonM.htm	LL90 Results	Rundle D Central Div 1	Match Day 25	5075167	Jonesa97	W	5(3)-1(2)	8-14-3	27
LL Profile_ MiltonM.htm	LL89 Results	Rundle R Bayou	Match Day 1	4489231	TrundyJ	L	1(2)-5(3)	0-1-0	23
LL Profile_ MiltonM.htm	LL89 Results	Rundle R Bayou	Match Day 2	4501201	El GabbaniY	L	6(4)-8(4)	0-2-0	25
LL Profile_ MiltonM.htm	LL89 Results	Rundle R Bayou	Match Day 3	4513173	Kniggeh	W	5(4)-3(1)	1-2-0	19
LL Profile_ MiltonM.htm	LL89 Results	Rundle R Bayou	Match Day 4	4525145	GiordanoJ22	L	1(2)-5(4)	1-3-0	21
LL Profile_ MiltonM.htm	LL89 Results	Rundle R Bayou	Match Day 5	4537117	VarneyK2	W	4(3)-0(0)	2-3-0	16
LL Profile_ MiltonM.htm	LL89 Results	Rundle R Bayou	Match Day 6	4549089	O'ConnellL	W	4(2)-1(1)	3-3-0	15
LL Profile_ MiltonM.htm	LL89 Results	Rundle R Bayou	Match Day 7	4561061	WoodR8	W	7(3)-0(0)	4-3-0	8
LL Profile_ MiltonM.htm	LL89 Results	Rundle R Bayou	Match Day 8	4573033	ShieuW	L	2(2)-3(3)	4-4-0	10
LL Profile_ MiltonM.htm	LL89 Results	Rundle R Bayou	Match Day 9	4585005	SparksE	W	3(2)-0(F)	5-4-0	11
LL Profile_ MiltonM.htm	LL89 Results	Rundle R Bayou	Match Day 10	4596977	RostN	L	1(2)-2(3)	5-5-0	11
LL Profile_ MiltonM.htm	LL89 Results	Rundle R Bayou	Match Day 11	4608949	GorderC	T	2(2)-2(1)	5-5-1	12
LL Profile_ MiltonM.htm	LL89 Results	Rundle R Bayou	Match Day 12	4620921	LamazaresG	L	1(2)-3(3)	5-6-1	13
LL Profile_ MiltonM.htm	LL89 Results	Rundle R Bayou	Match Day 13	4632893	McCarthyG	W	3(3)-2(2)	6-6-1	12
LL Profile_ MiltonM.htm	LL89 Results	Rundle R Bayou	Match Day 14	4644865	MakkerN	W	8(5)-0(F)	7-6-1	11
LL Profile_ MiltonM.htm	LL89 Results	Rundle R Bayou	Match Day 15	4656836	LeavyJ	L	2(2)-8(5)	7-7-1	12
LL Profile_ MiltonM.htm	LL89 Results	Rundle R Bayou	Match Day 16	4668806	StableinD	L	2(3)-3(3)	7-8-1	12
LL Profile_ MiltonM.htm	LL89 Results	Rundle R Bayou	Match Day 17	4680776	FinneyB	L	4(3)-7(5)	7-9-1	15
LL Profile_ MiltonM.htm	LL89 Results	Rundle R Bayou	Match Day 18	4692746	ZmaczynskiJ	T	2(3)-2(2)	7-9-2	14
LL Profile_ MiltonM.htm	LL89 Results	Rundle R Bayou	Match Day 19	4704716	MorganM3	W	3(2)-0(F)	8-9-2	12
LL Profile_ MiltonM.htm	LL89 Results	Rundle R Bayou	Match Day 20	4716686	SchrammA	W	8(5)-0(F)	9-9-2	11
LL Profile_ MiltonM.htm	LL89 Results	Rundle R Bayou	Match Day 21	4728656	SteinB4	T	1(2)-1(2)	9-9-3	11
LL Profile_ MiltonM.htm	LL89 Results	Rundle R Bayou	Match Day 22	4740626	AndersonCrunchy	W	6(3)-2(1)	10-9-3	11
LL Profile_ MiltonM.htm	LL89 Results	Rundle R Bayou	Match Day 23	4752596	MendelG	W	2(1)-0(F)	11-9-3	10
LL Profile_ MiltonM.htm	LL89 Results	Rundle R Bayou	Match Day 24	4764566	CainAM	L	0(1)-3(3)	11-10-3	10
LL Profile_ MiltonM.htm	LL89 Results	Rundle R Bayou	Match Day 25	4776536	Wrublez	T	3(3)-3(2)	11-10-4	10
